{"cameraMode":{"drawMode":0,"name":"Shaded","section":"Shading Mode"},"sceneLighting":true,"audioPlay":false,"sceneViewState":{"showFog":true,"showMaterialUpdate":true,"showSkybox":true,"showFlares":true,"showImageEffects":true,"showParticleSystems":true},"in2DMode":false,"pivot":{"x":-1.773667812347412,"y":0.4114590883255005,"z":0.03251812607049942},"rotation":{"x":-0.031804777681827548,"y":0.0009109475649893284,"z":-0.000036979414289817214,"w":-0.9994937181472778},"size":12.105814933776856,"orthographic":false}